feature,coefficient,abs_effect
deal_stage,-0.04686250935103938,0.04686250935103938
cycle_band,-0.046593817774182034,0.046593817774182034
lead_source,-0.039021994142670054,0.039021994142670054
product_type,-0.016643670591221536,0.016643670591221536
region,-0.015906533105029274,0.015906533105029274
amount_band,0.005676653853664249,0.005676653853664249
industry,0.0024753840595262457,0.0024753840595262457
